method,scenario,simulation,speed,runs,mean_error,std_error,mean_search_time,std_search_time
GrGSL,House01,"1,3-2,4_fast",fast,5,0.755510,0.063768,72.343135,0.610402
GrGSL,House01,"1,3-2,4_slow",slow,5,0.751828,0.053728,70.726298,0.951370
GrGSL,House01,"2,4-1_fast",fast,5,0.679894,0.049587,76.263789,1.024036
GrGSL,House01,"2,4-1_slow",slow,5,1.178680,0.158864,71.436119,1.117607
GrGSL,House02,"3,5-1_fast",fast,5,0.692792,0.027588,110.234904,8.632085
GrGSL,House02,"3,5-1_slow",slow,5,0.687396,0.057943,74.479859,0.776852
GrGSL,House02,"4,5-3_fast",fast,5,0.771145,0.051801,71.790112,0.747742
GrGSL,House02,"4,5-3_slow",slow,5,0.783381,0.066466,71.227069,1.103197
GrGSL,House03,"1-2,5_fast",fast,5,5.297597,1.184111,72.176739,0.643279
GrGSL,House03,"1-2,5_slow",slow,5,4.519605,0.628922,70.672757,0.646402
GrGSL,House03,5-3_fast,fast,5,0.670883,0.040853,164.285557,7.233526
GrGSL,House03,5-3_slow,slow,5,0.679269,0.041962,181.694779,16.340925
GrGSL,House04,"5,7-1,2_fast",fast,5,0.817499,0.040176,207.994993,32.803286
GrGSL,House04,"5,7-1,2_slow",slow,5,1.430229,0.354921,100.295149,6.925608
GrGSL,House04,"7-3,8_fast",fast,5,0.638925,0.017697,70.205553,0.682484
GrGSL,House04,"7-3,8_slow",slow,5,0.729568,0.063114,72.025732,0.870631
GrGSL,House05,"4,8-5_fast",fast,5,0.769706,0.042724,80.396187,2.405516
GrGSL,House05,"4,8-5_slow",slow,5,0.694353,0.059555,69.955074,0.242930
GrGSL,House05,"7-1,2_fast",fast,5,0.666528,0.033981,70.360919,0.697144
GrGSL,House05,"7-1,2_slow",slow,5,0.756511,0.039720,72.482635,1.049577
GrGSL,House06,"1,2-5_fast",fast,5,1.727987,0.284791,75.349496,1.715619
GrGSL,House06,"1,2-5_slow",slow,5,3.443053,0.516175,92.631081,4.477035
GrGSL,House06,"1-4,5_fast",fast,5,2.872660,0.258534,76.939766,2.329575
GrGSL,House06,"1-4,5_slow",slow,5,2.544199,0.529877,77.684352,1.088827
GrGSL,House07,"1,3-5_fast",fast,5,0.678750,0.045096,136.098019,6.556455
GrGSL,House07,"1,3-5_slow",slow,5,4.677801,0.534673,71.750215,1.059582
GrGSL,House07,6-1_fast,fast,5,0.791944,0.056470,86.432901,4.451657
GrGSL,House07,6-1_slow,slow,5,2.957953,0.516709,80.880788,2.023713
GrGSL,House08,"1,3-7_fast",fast,5,0.842079,0.068471,71.078042,1.158902
GrGSL,House08,"1,3-7_slow",slow,5,0.997876,0.055430,72.468165,0.896525
GrGSL,House08,"8,7-6_fast",fast,5,0.764835,0.035534,146.279626,9.690464
GrGSL,House08,"8,7-6_slow",slow,5,0.654070,0.028557,103.129414,4.401940
GrGSL,House09,"6-2,5_fast",fast,5,0.716228,0.059718,150.940160,9.422012
GrGSL,House09,"6-2,5_slow",slow,5,0.659068,0.027274,71.723101,1.111514
GrGSL,House09,"6-7,3_fast",fast,5,0.716777,0.063794,188.066115,23.658437
GrGSL,House09,"6-7,3_slow",slow,5,0.812791,0.033552,73.438841,0.996114
GrGSL,House10,"1-3,2_fast",fast,5,1.271005,0.192360,86.343669,5.330964
GrGSL,House10,"1-3,2_slow",slow,5,1.187165,0.152022,99.961058,6.360777
GrGSL,House10,"2,3-1_fast",fast,5,0.734131,0.065058,150.557788,7.864090
GrGSL,House10,"2,3-1_slow",slow,5,2.229051,0.360462,124.882392,8.252755
GrGSL,House11,"1-2,3_fast",fast,5,0.995576,0.108340,86.161035,2.080767
GrGSL,House11,"1-2,3_slow",slow,5,1.637792,0.240965,107.811163,10.369713
GrGSL,House11,3-2_fast,fast,5,1.284744,0.279634,90.292317,4.915529
GrGSL,House11,3-2_slow,slow,5,1.310642,0.110177,118.543418,11.875362
GrGSL,House12,"4,6-1_fast",fast,5,1.233436,0.222945,87.728688,2.303832
GrGSL,House12,"4,6-1_slow",slow,5,1.667244,0.331197,95.811637,5.973955
GrGSL,House12,"6,7-1_fast",fast,5,1.011125,0.078352,79.189132,2.572013
GrGSL,House12,"6,7-1_slow",slow,5,1.411874,0.272050,108.097285,9.438043
GrGSL,House13,"1,3-6_fast",fast,5,2.456890,0.381547,90.551156,2.788220
GrGSL,House13,"1,3-6_slow",slow,5,2.705691,0.423889,93.423154,6.777243
GrGSL,House13,"2,3-4,6_fast",fast,5,1.076844,0.165706,74.415829,0.777849
GrGSL,House13,"2,3-4,6_slow",slow,5,1.555831,0.198361,86.988804,5.304970
GrGSL,House14,"1,2-4,5_fast",fast,5,1.716303,0.293625,75.695657,1.530677
GrGSL,House14,"1,2-4,5_slow",slow,5,2.226830,0.469335,84.714682,3.991092
GrGSL,House14,"3,4-2,6_fast",fast,5,2.556520,0.271791,79.781984,1.586897
GrGSL,House14,"3,4-2,6_slow",slow,5,3.168898,0.597143,85.956359,3.025117
GrGSL,House15,"1,2-3,4_fast",fast,5,2.152867,0.420053,76.688741,1.337254
GrGSL,House15,"1,2-3,4_slow",slow,5,3.028977,0.489552,90.077037,5.752770
GrGSL,House15,"3-1,2_fast",fast,5,1.925993,0.240692,74.775344,0.991014
GrGSL,House15,"3-1,2_slow",slow,5,2.802442,0.497813,78.995974,2.739413
GrGSL,House16,"1,2-4,5,6_fast",fast,5,1.170301,0.155439,75.878323,1.832581
GrGSL,House16,"1,2-4,5,6_slow",slow,5,2.601043,0.543461,99.508733,6.361818
GrGSL,House16,"3,4,5-2_fast",fast,5,1.959278,0.195306,77.743139,2.091635
GrGSL,House16,"3,4,5-2_slow",slow,5,1.921521,0.448761,79.595873,1.483211
GrGSL,House17,"3,6-1_fast",fast,5,2.011240,0.155469,98.207605,8.861578
GrGSL,House17,"3,6-1_slow",slow,5,1.518234,0.271656,95.493538,5.612526
GrGSL,House17,"4,6-1,2_fast",fast,5,0.935070,0.056175,78.427551,2.103550
GrGSL,House17,"4,6-1,2_slow",slow,5,1.670423,0.307640,105.992075,7.459584
GrGSL,House18,"1,2-4,5_fast",fast,5,1.123387,0.106156,105.762074,9.738062
GrGSL,House18,"1,2-4,5_slow",slow,5,1.112637,0.150133,121.005014,5.523806
GrGSL,House18,"5,3-1_fast",fast,5,0.930807,0.047021,103.797555,9.613312
GrGSL,House18,"5,3-1_slow",slow,5,1.124330,0.143404,128.331173,5.075323
GrGSL,House19,"2,4-1,5_fast",fast,5,0.922362,0.065050,128.717913,6.383617
GrGSL,House19,"2,4-1,5_slow",slow,5,1.111792,0.120456,145.552273,5.903331
GrGSL,House19,"4,5-1_fast",fast,5,0.839555,0.040482,95.237356,8.769681
GrGSL,House19,"4,5-1_slow",slow,5,0.918004,0.030912,126.349356,7.009027
GrGSL,House20,"2-1,4_fast",fast,5,0.882030,0.057715,96.360768,8.286920
GrGSL,House20,"2-1,4_slow",slow,5,0.858500,0.037342,114.326021,8.361479
GrGSL,House20,4-1_fast,fast,5,0.818617,0.057472,110.152953,8.996348
GrGSL,House20,4-1_slow,slow,5,1.193171,0.184016,146.146262,4.888552
GrGSL,House21,"1,2,5-9,10_fast",fast,5,0.883098,0.062740,91.883135,3.544178
GrGSL,House21,"1,2,5-9,10_slow",slow,5,1.342040,0.173267,125.322112,9.153076
GrGSL,House21,"6,8-1,2_fast",fast,5,1.143238,0.173484,104.546181,8.892161
GrGSL,House21,"6,8-1,2_slow",slow,5,0.950764,0.024621,112.690359,9.885178
GrGSL,House22,2-5_fast,fast,5,1.379268,0.210421,93.032070,4.972961
GrGSL,House22,2-5_slow,slow,5,1.650284,0.300242,98.204847,4.945726
GrGSL,House22,6-1_fast,fast,5,1.381977,0.345776,84.319640,3.310447
GrGSL,House22,6-1_slow,slow,5,1.464660,0.157697,106.057368,10.307795
GrGSL,House23,"13,14-5,6,10_fast",fast,5,2.346382,0.423278,90.153839,3.315749
GrGSL,House23,"13,14-5,6,10_slow",slow,5,2.733589,0.299075,92.780773,7.069315
GrGSL,House23,"15-6,10_fast",fast,5,1.161049,0.197642,74.437290,0.781379
GrGSL,House23,"15-6,10_slow",slow,5,1.944882,0.291407,92.565483,7.540300
GrGSL,House24,"2,4-1_fast",fast,5,1.944608,0.233001,78.862123,2.268509
GrGSL,House24,"2,4-1_slow",slow,5,3.320368,0.565289,90.839231,5.012217
GrGSL,House24,2-1_fast,fast,5,1.421777,0.341175,74.102413,0.431716
GrGSL,House24,2-1_slow,slow,5,1.709893,0.281916,81.993789,3.728172
GrGSL,House25,"2,7-3_fast",fast,5,1.662287,0.335821,79.498186,2.097404
GrGSL,House25,"2,7-3_slow",slow,5,1.621068,0.364083,88.791065,6.357326
GrGSL,House25,"3,4-1,7_fast",fast,5,1.519276,0.199203,77.639600,1.736873
GrGSL,House25,"3,4-1,7_slow",slow,5,2.441880,0.327481,87.012060,5.971945
GrGSL,House26,"4,5-1,3_fast",fast,5,1.710011,0.140738,88.918669,5.333354
GrGSL,House26,"4,5-1,3_slow",slow,5,1.428905,0.281800,86.100073,3.559795
GrGSL,House26,"5,6-3_fast",fast,5,1.206322,0.186754,83.013667,1.485472
GrGSL,House26,"5,6-3_slow",slow,5,1.946618,0.439115,114.142898,9.140924
GrGSL,House27,"3,4-9_fast",fast,5,0.892071,0.035526,80.594824,2.912046
GrGSL,House27,"3,4-9_slow",slow,5,1.614426,0.376624,129.300096,6.947743
GrGSL,House27,"7,8,9-1,2,3,4_fast",fast,5,1.609592,0.208514,107.402077,8.652379
GrGSL,House27,"7,8,9-1,2,3,4_slow",slow,5,1.343844,0.191852,103.169463,8.955752
GrGSL,House28,"5,7-2,3_fast",fast,5,1.206126,0.142802,92.856218,7.118646
GrGSL,House28,"5,7-2,3_slow",slow,5,1.582935,0.378362,115.461794,7.164347
GrGSL,House28,"8-1,3_fast",fast,5,0.913267,0.040212,83.715281,2.501211
GrGSL,House28,"8-1,3_slow",slow,5,1.227618,0.242188,114.554166,5.456094
GrGSL,House29,1-3_fast,fast,5,1.126896,0.105548,90.966406,6.468969
GrGSL,House29,1-3_slow,slow,5,1.420107,0.307639,106.229488,4.824817
GrGSL,House29,3-1_fast,fast,5,1.148548,0.161607,81.228140,3.143803
GrGSL,House29,3-1_slow,slow,5,1.370471,0.181755,97.330749,6.785927
GrGSL,House30,"1,8-5_fast",fast,5,1.512705,0.337325,82.464704,3.013839
GrGSL,House30,"1,8-5_slow",slow,5,3.009425,0.502856,106.116301,4.380201
GrGSL,House30,"7,8-3,4_fast",fast,5,1.957274,0.368172,78.810502,2.729502
GrGSL,House30,"7,8-3,4_slow",slow,5,1.350910,0.278445,78.925622,2.269921
PMFS,House01,"1,3-2,4_fast",fast,5,3.058363,0.645214,91.117118,2.501783
PMFS,House01,"1,3-2,4_slow",slow,5,0.534318,0.023349,75.372831,0.537077
PMFS,House01,"2,4-1_fast",fast,5,0.484165,0.039485,80.247038,1.784733
PMFS,House01,"2,4-1_slow",slow,5,0.665296,0.031783,74.696559,0.427160
PMFS,House02,"3,5-1_fast",fast,5,0.463083,0.041567,102.445663,5.781095
PMFS,House02,"3,5-1_slow",slow,5,0.430382,0.014692,76.079778,0.691012
PMFS,House02,"4,5-3_fast",fast,5,0.506857,0.026060,75.652958,0.436930
PMFS,House02,"4,5-3_slow",slow,5,0.510491,0.035075,75.331261,0.372810
PMFS,House03,"1-2,5_fast",fast,5,0.528106,0.034159,94.500329,3.862475
PMFS,House03,"1-2,5_slow",slow,5,3.141330,0.338086,105.286027,9.622904
PMFS,House03,5-3_fast,fast,5,0.439600,0.028941,124.757192,5.564705
PMFS,House03,5-3_slow,slow,5,0.449584,0.027316,177.990278,33.098690
PMFS,House04,"5,7-1,2_fast",fast,5,0.498959,0.017415,180.907109,20.036342
PMFS,House04,"5,7-1,2_slow",slow,5,1.074560,0.221516,103.586871,6.687834
PMFS,House04,"7-3,8_fast",fast,5,0.454328,0.034476,74.438648,0.169356
PMFS,House04,"7-3,8_slow",slow,5,0.461422,0.032501,75.186545,0.520382
PMFS,House05,"4,8-5_fast",fast,5,0.513573,0.027416,83.585151,2.576461
PMFS,House05,"4,8-5_slow",slow,5,0.500603,0.028402,74.834279,0.513321
PMFS,House05,"7-1,2_fast",fast,5,0.445902,0.025894,125.026491,4.928329
PMFS,House05,"7-1,2_slow",slow,5,0.447368,0.033233,75.193760,0.493164
PMFS,House06,"1,2-5_fast",fast,5,0.953980,0.166550,76.453444,0.294087
PMFS,House06,"1,2-5_slow",slow,5,1.956364,0.362818,88.435972,3.113661
PMFS,House06,"1-4,5_fast",fast,5,1.993028,0.170009,80.900270,2.275247
PMFS,House06,"1-4,5_slow",slow,5,1.566966,0.291620,79.176956,1.417824
PMFS,House07,"1,3-5_fast",fast,5,0.425032,0.013788,82.026084,2.681139
PMFS,House07,"1,3-5_slow",slow,5,0.491251,0.044281,84.828671,2.289232
PMFS,House07,6-1_fast,fast,5,0.514618,0.026919,89.330818,4.084029
PMFS,House07,6-1_slow,slow,5,1.882659,0.231027,81.074085,2.452530
PMFS,House08,"1,3-7_fast",fast,5,0.447897,0.028420,166.335255,14.407836
PMFS,House08,"1,3-7_slow",slow,5,0.715087,0.102046,134.315480,2.039130
PMFS,House08,"8,7-6_fast",fast,5,0.502667,0.032212,112.581592,10.597032
PMFS,House08,"8,7-6_slow",slow,5,0.460638,0.036569,101.580496,6.227884
PMFS,House09,"6-2,5_fast",fast,5,0.505880,0.036832,148.836890,8.180522
PMFS,House09,"6-2,5_slow",slow,5,0.450695,0.021171,75.474094,0.530482
PMFS,House09,"6-7,3_fast",fast,5,0.444938,0.020122,155.828397,12.326594
PMFS,House09,"6-7,3_slow",slow,5,0.485420,0.036440,76.048192,0.249223
PMFS,House10,"1-3,2_fast",fast,5,1.024693,0.229534,90.646332,4.961359
PMFS,House10,"1-3,2_slow",slow,5,0.702690,0.086646,90.243790,4.036492
PMFS,House10,"2,3-1_fast",fast,5,0.440289,0.031941,134.345765,4.872972
PMFS,House10,"2,3-1_slow",slow,5,1.468296,0.204388,123.624335,5.298277
PMFS,House11,"1-2,3_fast",fast,5,0.600261,0.025429,84.558506,3.496001
PMFS,House11,"1-2,3_slow",slow,5,1.103018,0.171394,114.646239,4.495565
PMFS,House11,3-2_fast,fast,5,0.809481,0.150046,89.996864,2.940523
PMFS,House11,3-2_slow,slow,5,0.783461,0.089047,107.252985,9.182465
PMFS,House12,"4,6-1_fast",fast,5,0.793079,0.136370,90.087554,3.483815
PMFS,House12,"4,6-1_slow",slow,5,1.009666,0.104532,96.588377,6.135486
PMFS,House12,"6,7-1_fast",fast,5,0.690238,0.087206,79.644333,1.617176
PMFS,House12,"6,7-1_slow",slow,5,0.991203,0.175570,102.600686,7.124077
PMFS,House13,"1,3-6_fast",fast,5,1.328155,0.216830,89.008052,3.945324
PMFS,House13,"1,3-6_slow",slow,5,1.595413,0.160643,92.009300,4.954318
PMFS,House13,"2,3-4,6_fast",fast,5,0.793851,0.133563,77.277343,0.284269
PMFS,House13,"2,3-4,6_slow",slow,5,0.872946,0.143479,85.935973,4.122975
PMFS,House14,"1,2-4,5_fast",fast,5,1.301962,0.251070,77.876883,0.671104
PMFS,House14,"1,2-4,5_slow",slow,5,1.107434,0.266402,81.039754,2.162021
PMFS,House14,"3,4-2,6_fast",fast,5,1.328212,0.288632,80.223598,1.555823
PMFS,House14,"3,4-2,6_slow",slow,5,2.342331,0.144217,91.237879,6.186915
PMFS,House15,"1,2-3,4_fast",fast,5,1.204673,0.246121,77.434766,0.564007
PMFS,House15,"1,2-3,4_slow",slow,5,1.644290,0.268367,87.604390,4.267112
PMFS,House15,"3-1,2_fast",fast,5,1.220678,0.196696,77.313295,0.815691
PMFS,House15,"3-1,2_slow",slow,5,1.992721,0.277859,83.430067,3.244824
PMFS,House16,"1,2-4,5,6_fast",fast,5,0.757510,0.064056,77.076925,0.447439
PMFS,House16,"1,2-4,5,6_slow",slow,5,1.694207,0.331746,97.244433,4.535303
PMFS,House16,"3,4,5-2_fast",fast,5,1.305521,0.246866,82.044851,1.710404
PMFS,House16,"3,4,5-2_slow",slow,5,1.226464,0.181976,81.827064,3.190073
PMFS,House17,"3,6-1_fast",fast,5,1.180464,0.179771,96.472622,5.559719
PMFS,House17,"3,6-1_slow",slow,5,1.035470,0.259708,92.561069,5.641191
PMFS,House17,"4,6-1,2_fast",fast,5,0.617479,0.023235,80.224670,1.878001
PMFS,House17,"4,6-1,2_slow",slow,5,0.843739,0.160649,100.950295,6.238975
PMFS,House18,"1,2-4,5_fast",fast,5,0.683720,0.062127,103.970361,6.058046
PMFS,House18,"1,2-4,5_slow",slow,5,0.865132,0.155797,124.182221,8.258931
PMFS,House18,"5,3-1_fast",fast,5,0.587913,0.016153,98.018305,6.675936
PMFS,House18,"5,3-1_slow",slow,5,0.645819,0.069326,115.992087,3.242984
PMFS,House19,"2,4-1,5_fast",fast,5,0.551672,0.016006,110.212078,10.527733
PMFS,House19,"2,4-1,5_slow",slow,5,0.687957,0.066907,139.318217,3.941166
PMFS,House19,"4,5-1_fast",fast,5,0.576996,0.021227,99.535076,7.043872
PMFS,House19,"4,5-1_slow",slow,5,0.627193,0.057953,123.387300,6.995785
PMFS,House20,"2-1,4_fast",fast,5,0.589417,0.030604,103.978646,6.394097
PMFS,House20,"2-1,4_slow",slow,5,0.540875,0.034092,104.932777,7.198430
PMFS,House20,4-1_fast,fast,5,0.523354,0.032015,101.947128,8.743171
PMFS,House20,4-1_slow,slow,5,0.788359,0.111136,144.046085,2.484425
PMFS,House21,"1,2,5-9,10_fast",fast,5,0.568196,0.024745,90.795087,5.176337
PMFS,House21,"1,2,5-9,10_slow",slow,5,0.728687,0.054127,120.454446,6.721879
PMFS,House21,"6,8-1,2_fast",fast,5,0.734028,0.078182,101.577542,8.442042
PMFS,House21,"6,8-1,2_slow",slow,5,0.637545,0.059452,102.157001,5.107834
PMFS,House22,2-5_fast,fast,5,0.741767,0.105756,90.257897,4.921459
PMFS,House22,2-5_slow,slow,5,0.956780,0.101215,96.350451,6.018150
PMFS,House22,6-1_fast,fast,5,0.911785,0.174091,85.654865,2.624699
PMFS,House22,6-1_slow,slow,5,1.074618,0.204307,105.470287,7.053501
PMFS,House23,"13,14-5,6,10_fast",fast,5,1.189322,0.260788,85.334221,3.194000
PMFS,House23,"13,14-5,6,10_slow",slow,5,1.868622,0.100810,96.770284,6.419148
PMFS,House23,"15-6,10_fast",fast,5,0.955219,0.162900,77.807224,1.388634
PMFS,House23,"15-6,10_slow",slow,5,1.218804,0.253824,88.065981,2.429554
PMFS,House24,"2,4-1_fast",fast,5,1.187717,0.284729,81.062516,1.914523
PMFS,House24,"2,4-1_slow",slow,5,2.247601,0.214797,97.854258,7.609417
PMFS,House24,2-1_fast,fast,5,0.995852,0.217644,77.002912,0.534073
PMFS,House24,2-1_slow,slow,5,0.839965,0.119842,79.942105,2.248628
PMFS,House25,"2,7-3_fast",fast,5,1.035628,0.167718,79.811209,1.876089
PMFS,House25,"2,7-3_slow",slow,5,1.016059,0.219151,85.535981,2.514768
PMFS,House25,"3,4-1,7_fast",fast,5,0.979747,0.202613,80.282872,1.403739
PMFS,House25,"3,4-1,7_slow",slow,5,1.493044,0.187522,87.055592,4.292240
PMFS,House26,"4,5-1,3_fast",fast,5,0.892171,0.176860,88.559419,1.753700
PMFS,House26,"4,5-1,3_slow",slow,5,0.947354,0.171158,88.487074,4.599593
PMFS,House26,"5,6-3_fast",fast,5,0.813982,0.154104,82.678483,1.810011
PMFS,House26,"5,6-3_slow",slow,5,1.176385,0.191206,111.370996,9.427345
PMFS,House27,"3,4-9_fast",fast,5,0.613783,0.022175,83.236778,2.512755
PMFS,House27,"3,4-9_slow",slow,5,0.852827,0.196261,117.601105,6.843792
PMFS,House27,"7,8,9-1,2,3,4_fast",fast,5,0.941149,0.160674,101.514689,5.122649
PMFS,House27,"7,8,9-1,2,3,4_slow",slow,5,1.135038,0.264067,108.675929,9.970187
PMFS,House28,"5,7-2,3_fast",fast,5,0.814441,0.121348,97.610105,3.233477
PMFS,House28,"5,7-2,3_slow",slow,5,1.111832,0.257448,118.456408,8.171314
PMFS,House28,"8-1,3_fast",fast,5,0.583070,0.027105,82.789041,2.406762
PMFS,House28,"8-1,3_slow",slow,5,0.645310,0.046445,101.829292,7.865721
PMFS,House29,1-3_fast,fast,5,0.656932,0.029378,85.438261,3.926284
PMFS,House29,1-3_slow,slow,5,0.888148,0.197173,103.679131,5.989927
PMFS,House29,3-1_fast,fast,5,0.785477,0.079200,85.294503,3.022297
PMFS,House29,3-1_slow,slow,5,0.900626,0.218150,91.341477,4.116205
PMFS,House30,"1,8-5_fast",fast,5,0.956791,0.145444,81.386897,2.673403
PMFS,House30,"1,8-5_slow",slow,5,1.751389,0.165144,105.888692,7.285191
PMFS,House30,"7,8-3,4_fast",fast,5,1.116908,0.178667,80.357692,1.707567
PMFS,House30,"7,8-3,4_slow",slow,5,0.951685,0.219795,80.549436,1.248424
Particle Filter,House01,"1,3-2,4_fast",fast,5,5.133363,0.739670,81.298797,7.679740
Particle Filter,House01,"1,3-2,4_slow",slow,5,1.044937,0.015635,57.768357,1.521542
Particle Filter,House01,"2,4-1_fast",fast,5,1.086612,0.051759,82.858519,6.818804
Particle Filter,House01,"2,4-1_slow",slow,5,1.796140,0.118183,59.680520,1.893411
Particle Filter,House02,"3,5-1_fast",fast,5,1.081182,0.049846,172.252809,17.703258
Particle Filter,House02,"3,5-1_slow",slow,5,1.164656,0.036074,65.850091,2.495507
Particle Filter,House02,"4,5-3_fast",fast,5,1.092609,0.036390,57.836354,1.611938
Particle Filter,House02,"4,5-3_slow",slow,5,1.039284,0.022966,58.477648,1.470904
Particle Filter,House03,"1-2,5_fast",fast,5,3.096037,0.472348,56.403983,0.803804
Particle Filter,House03,"1-2,5_slow",slow,5,4.316403,0.224778,62.062393,1.713711
Particle Filter,House03,5-3_fast,fast,5,1.128697,0.055391,351.596193,35.420573
Particle Filter,House03,5-3_slow,slow,5,1.168227,0.035680,353.409985,63.182207
Particle Filter,House04,"5,7-1,2_fast",fast,5,1.058824,0.029438,277.079342,20.037359
Particle Filter,House04,"5,7-1,2_slow",slow,5,1.642531,0.191167,162.263503,16.788607
Particle Filter,House04,"7-3,8_fast",fast,5,1.139667,0.047048,61.576242,0.646694
Particle Filter,House04,"7-3,8_slow",slow,5,1.122655,0.048249,58.816384,1.629719
Particle Filter,House05,"4,8-5_fast",fast,5,1.074252,0.043919,71.516760,3.653589
Particle Filter,House05,"4,8-5_slow",slow,5,1.066282,0.027176,59.614397,1.976484
Particle Filter,House05,"7-1,2_fast",fast,5,1.133815,0.044875,84.536520,4.818180
Particle Filter,House05,"7-1,2_slow",slow,5,1.131331,0.051717,57.950185,1.764653
Particle Filter,House06,"1,2-5_fast",fast,5,2.397126,0.275269,67.738079,1.845168
Particle Filter,House06,"1,2-5_slow",slow,5,3.493710,0.466133,90.470160,8.094645
Particle Filter,House06,"1-4,5_fast",fast,5,2.038213,0.233840,67.468425,3.731936
Particle Filter,House06,"1-4,5_slow",slow,5,2.370832,0.443938,81.980254,8.399750
Particle Filter,House07,"1,3-5_fast",fast,5,1.175379,0.024103,166.277986,17.371904
Particle Filter,House07,"1,3-5_slow",slow,5,1.612744,0.183945,57.813641,1.583447
Particle Filter,House07,6-1_fast,fast,5,1.042309,0.022941,80.919507,7.366806
Particle Filter,House07,6-1_slow,slow,5,3.484916,0.287387,103.069628,14.948391
Particle Filter,House08,"1,3-7_fast",fast,5,1.168499,0.025702,242.668599,15.855480
Particle Filter,House08,"1,3-7_slow",slow,5,1.250801,0.053861,66.679497,1.349451
Particle Filter,House08,"8,7-6_fast",fast,5,1.050264,0.026264,195.281860,28.782559
Particle Filter,House08,"8,7-6_slow",slow,5,1.129756,0.058170,191.832427,22.183517
Particle Filter,House09,"6-2,5_fast",fast,5,1.073907,0.041908,279.971384,18.707761
Particle Filter,House09,"6-2,5_slow",slow,5,1.122262,0.045881,63.172404,1.228185
Particle Filter,House09,"6-7,3_fast",fast,5,1.135531,0.020611,343.939143,95.718198
Particle Filter,House09,"6-7,3_slow",slow,5,1.079307,0.038354,58.742547,1.275053
Particle Filter,House10,"1-3,2_fast",fast,5,1.418916,0.138389,113.184624,17.739917
Particle Filter,House10,"1-3,2_slow",slow,5,1.760936,0.209365,146.286126,8.619581
Particle Filter,House10,"2,3-1_fast",fast,5,1.139616,0.039736,218.897139,29.060821
Particle Filter,House10,"2,3-1_slow",slow,5,1.896203,0.241761,148.623260,7.965534
Particle Filter,House11,"1-2,3_fast",fast,5,1.398739,0.091790,86.975788,13.557336
Particle Filter,House11,"1-2,3_slow",slow,5,1.437451,0.081616,126.597796,12.856397
Particle Filter,House11,3-2_fast,fast,5,1.439875,0.176646,122.754260,11.506911
Particle Filter,House11,3-2_slow,slow,5,2.351781,0.263858,200.595574,22.879684
Particle Filter,House12,"4,6-1_fast",fast,5,1.606406,0.193416,84.092904,10.081475
Particle Filter,House12,"4,6-1_slow",slow,5,1.348252,0.083564,90.242532,10.489843
Particle Filter,House12,"6,7-1_fast",fast,5,1.420350,0.134458,92.218027,10.617505
Particle Filter,House12,"6,7-1_slow",slow,5,2.413891,0.362287,167.372870,10.772086
Particle Filter,House13,"1,3-6_fast",fast,5,1.981972,0.301150,78.324285,7.668446
Particle Filter,House13,"1,3-6_slow",slow,5,1.909383,0.125507,103.453467,15.037729
Particle Filter,House13,"2,3-4,6_fast",fast,5,1.664513,0.236441,76.566956,3.366229
Particle Filter,House13,"2,3-4,6_slow",slow,5,2.189742,0.246807,95.757881,12.749176
Particle Filter,House14,"1,2-4,5_fast",fast,5,2.253989,0.300546,76.167673,4.256006
Particle Filter,House14,"1,2-4,5_slow",slow,5,2.710884,0.434249,80.138114,6.185988
Particle Filter,House14,"3,4-2,6_fast",fast,5,2.141930,0.429548,65.619749,2.309960
Particle Filter,House14,"3,4-2,6_slow",slow,5,2.785502,0.257744,103.969869,16.812428
Particle Filter,House15,"1,2-3,4_fast",fast,5,2.733589,0.440889,78.001034,4.578821
Particle Filter,House15,"1,2-3,4_slow",slow,5,3.618364,0.258313,101.548525,16.615687
Particle Filter,House15,"3-1,2_fast",fast,5,1.762716,0.226733,62.404686,0.956082
Particle Filter,House15,"3-1,2_slow",slow,5,2.139991,0.279179,81.945898,10.919234
Particle Filter,House16,"1,2-4,5,6_fast",fast,5,2.090123,0.151019,76.934944,6.144807
Particle Filter,House16,"1,2-4,5,6_slow",slow,5,3.042522,0.495449,110.989160,13.181644
Particle Filter,House16,"3,4,5-2_fast",fast,5,1.643813,0.226939,65.676214,1.552031
Particle Filter,House16,"3,4,5-2_slow",slow,5,1.687719,0.161548,80.019256,8.970490
Particle Filter,House17,"3,6-1_fast",fast,5,1.457078,0.143658,89.551793,9.957420
Particle Filter,House17,"3,6-1_slow",slow,5,1.742981,0.232373,148.118165,16.683952
Particle Filter,House17,"4,6-1,2_fast",fast,5,1.540259,0.110880,92.892632,10.201394
Particle Filter,House17,"4,6-1,2_slow",slow,5,1.661003,0.146403,104.078160,17.426975
Particle Filter,House18,"1,2-4,5_fast",fast,5,1.258007,0.043953,119.689324,8.246943
Particle Filter,House18,"1,2-4,5_slow",slow,5,1.639582,0.200848,233.156256,20.669050
Particle Filter,House18,"5,3-1_fast",fast,5,1.391416,0.054281,140.637175,15.636265
Particle Filter,House18,"5,3-1_slow",slow,5,1.355638,0.109592,137.417689,10.897419
Particle Filter,House19,"2,4-1,5_fast",fast,5,1.327865,0.062684,180.964113,25.380708
Particle Filter,House19,"2,4-1,5_slow",slow,5,1.361521,0.084055,211.384928,25.764672
Particle Filter,House19,"4,5-1_fast",fast,5,1.124455,0.038605,119.405542,16.333209
Particle Filter,House19,"4,5-1_slow",slow,5,1.275169,0.072410,228.994300,17.046652
Particle Filter,House20,"2-1,4_fast",fast,5,1.131896,0.046445,124.459028,12.592670
Particle Filter,House20,"2-1,4_slow",slow,5,1.243649,0.051653,183.708874,15.165137
Particle Filter,House20,4-1_fast,fast,5,1.272014,0.043994,147.873826,17.765112
Particle Filter,House20,4-1_slow,slow,5,1.319374,0.105566,198.165125,20.892038
Particle Filter,House21,"1,2,5-9,10_fast",fast,5,1.268126,0.055342,104.548494,15.678813
Particle Filter,House21,"1,2,5-9,10_slow",slow,5,1.262897,0.039658,132.494482,16.160159
Particle Filter,House21,"6,8-1,2_fast",fast,5,1.256727,0.038268,133.311967,19.252291
Particle Filter,House21,"6,8-1,2_slow",slow,5,1.571867,0.171885,200.007749,13.386717
Particle Filter,House22,2-5_fast,fast,5,1.634005,0.192493,85.722761,10.961053
Particle Filter,House22,2-5_slow,slow,5,1.479185,0.144622,97.144178,11.576744
Particle Filter,House22,6-1_fast,fast,5,1.559418,0.182701,110.859737,13.804334
Particle Filter,House22,6-1_slow,slow,5,2.590284,0.437076,185.525994,13.931203
Particle Filter,House23,"13,14-5,6,10_fast",fast,5,2.313885,0.434271,80.398615,7.077620
Particle Filter,House23,"13,14-5,6,10_slow",slow,5,2.112098,0.198216,107.896872,17.343105
Particle Filter,House23,"15-6,10_fast",fast,5,1.553556,0.117599,72.553907,4.971181
Particle Filter,House23,"15-6,10_slow",slow,5,2.665213,0.378257,124.345377,6.721500
Particle Filter,House24,"2,4-1_fast",fast,5,2.122096,0.369293,68.347800,3.117054
Particle Filter,House24,"2,4-1_slow",slow,5,2.294730,0.304728,98.183987,14.217801
Particle Filter,House24,2-1_fast,fast,5,1.646466,0.228621,69.257031,2.895859
Particle Filter,House24,2-1_slow,slow,5,2.480343,0.247512,86.968695,8.688617
Particle Filter,House25,"2,7-3_fast",fast,5,2.009211,0.215470,89.075526,10.427685
Particle Filter,House25,"2,7-3_slow",slow,5,2.699150,0.321199,111.652133,12.554179
Particle Filter,House25,"3,4-1,7_fast",fast,5,1.501951,0.180499,64.678346,1.166059
Particle Filter,House25,"3,4-1,7_slow",slow,5,1.690708,0.148892,89.268737,15.121947
Particle Filter,House26,"4,5-1,3_fast",fast,5,1.454568,0.156166,73.145327,3.560131
Particle Filter,House26,"4,5-1,3_slow",slow,5,1.540121,0.158165,107.521583,15.282278
Particle Filter,House26,"5,6-3_fast",fast,5,1.920128,0.262828,125.635371,11.794397
Particle Filter,House26,"5,6-3_slow",slow,5,2.636775,0.193318,159.136881,18.731405
Particle Filter,House27,"3,4-9_fast",fast,5,1.414421,0.093689,109.393885,15.055201
Particle Filter,House27,"3,4-9_slow",slow,5,1.881149,0.195834,153.474497,17.292634
Particle Filter,House27,"7,8,9-1,2,3,4_fast",fast,5,1.480994,0.155230,108.854055,8.602983
Particle Filter,House27,"7,8,9-1,2,3,4_slow",slow,5,1.576917,0.179302,168.141125,23.272233
Particle Filter,House28,"5,7-2,3_fast",fast,5,1.321662,0.063398,100.724042,8.016263
Particle Filter,House28,"5,7-2,3_slow",slow,5,1.660700,0.246728,186.611396,21.580558
Particle Filter,House28,"8-1,3_fast",fast,5,1.331871,0.075369,105.616200,11.719743
Particle Filter,House28,"8-1,3_slow",slow,5,1.563997,0.092442,130.687993,19.048495
Particle Filter,House29,1-3_fast,fast,5,1.858039,0.147579,119.821262,16.422833
Particle Filter,House29,1-3_slow,slow,5,1.822865,0.243606,120.846134,17.328275
Particle Filter,House29,3-1_fast,fast,5,1.234861,0.020865,71.420536,3.918007
Particle Filter,House29,3-1_slow,slow,5,1.646087,0.215006,143.569722,13.945955
Particle Filter,House30,"1,8-5_fast",fast,5,2.633398,0.383467,101.047935,11.114682
Particle Filter,House30,"1,8-5_slow",slow,5,2.556236,0.382384,111.135046,17.814402
Particle Filter,House30,"7,8-3,4_fast",fast,5,1.479048,0.092899,68.660778,3.108753
Particle Filter,House30,"7,8-3,4_slow",slow,5,2.040108,0.367520,103.583774,8.222662
Spiral,House01,"1,3-2,4_fast",fast,5,5.279819,0.698053,154.204589,23.152593
Spiral,House01,"1,3-2,4_slow",slow,5,0.785822,0.060176,91.620041,1.447034
Spiral,House01,"2,4-1_fast",fast,5,0.736656,0.027146,131.887517,18.127175
Spiral,House01,"2,4-1_slow",slow,5,1.384842,0.237133,99.321163,2.801126
Spiral,House02,"3,5-1_fast",fast,5,0.732263,0.032046,283.177782,41.076755
Spiral,House02,"3,5-1_slow",slow,5,0.796709,0.040576,106.706234,3.467242
Spiral,House02,"4,5-3_fast",fast,5,0.849554,0.047536,95.491422,3.433273
Spiral,House02,"4,5-3_slow",slow,5,0.747989,0.047187,92.851697,1.965447
Spiral,House03,"1-2,5_fast",fast,5,3.749417,0.274414,95.079141,4.667423
Spiral,House03,"1-2,5_slow",slow,5,4.141864,0.318034,97.720513,1.874444
Spiral,House03,5-3_fast,fast,5,0.718719,0.029269,530.486382,43.476338
Spiral,House03,5-3_slow,slow,5,0.837430,0.051587,682.086112,145.901491
Spiral,House04,"5,7-1,2_fast",fast,5,0.792481,0.054275,513.637042,28.824091
Spiral,House04,"5,7-1,2_slow",slow,5,1.212797,0.145086,230.653529,24.532030
Spiral,House04,"7-3,8_fast",fast,5,0.761267,0.057077,95.741406,3.674240
Spiral,House04,"7-3,8_slow",slow,5,0.858008,0.028068,99.626435,3.314710
Spiral,House05,"4,8-5_fast",fast,5,0.783521,0.044832,119.528094,11.604769
Spiral,House05,"4,8-5_slow",slow,5,0.742933,0.036207,93.292176,2.135738
Spiral,House05,"7-1,2_fast",fast,5,0.777785,0.061094,147.316118,19.172223
Spiral,House05,"7-1,2_slow",slow,5,0.825823,0.043162,98.206214,3.449861
Spiral,House06,"1,2-5_fast",fast,5,1.923113,0.457823,113.083892,4.591283
Spiral,House06,"1,2-5_slow",slow,5,3.479406,0.257435,170.859633,26.482286
Spiral,House06,"1-4,5_fast",fast,5,2.457984,0.470546,110.916511,5.542837
Spiral,House06,"1-4,5_slow",slow,5,1.892656,0.162663,125.944324,12.322180
Spiral,House07,"1,3-5_fast",fast,5,0.776079,0.057620,284.343464,26.947040
Spiral,House07,"1,3-5_slow",slow,5,1.582456,0.214636,97.513323,3.929503
Spiral,House07,6-1_fast,fast,5,0.756861,0.045099,145.614260,17.772810
Spiral,House07,6-1_slow,slow,5,2.519188,0.328019,144.173070,17.112595
Spiral,House08,"1,3-7_fast",fast,5,0.830882,0.049616,442.536275,13.017650
Spiral,House08,"1,3-7_slow",slow,5,1.118044,0.123565,126.008755,12.403696
Spiral,House08,"8,7-6_fast",fast,5,0.731941,0.052057,304.494448,32.943906
Spiral,House08,"8,7-6_slow",slow,5,0.738914,0.026473,287.104115,43.310808
Spiral,House09,"6-2,5_fast",fast,5,0.727047,0.036379,450.525674,42.877104
Spiral,House09,"6-2,5_slow",slow,5,0.766382,0.053992,103.507945,2.524598
Spiral,House09,"6-7,3_fast",fast,5,0.840640,0.037287,667.113836,77.718187
Spiral,House09,"6-7,3_slow",slow,5,0.800148,0.060150,97.128723,3.415913
Spiral,House10,"1-3,2_fast",fast,5,1.211932,0.182178,172.136842,20.230122
Spiral,House10,"1-3,2_slow",slow,5,1.270925,0.161166,245.340173,36.093574
Spiral,House10,"2,3-1_fast",fast,5,0.826377,0.041580,436.725971,27.089588
Spiral,House10,"2,3-1_slow",slow,5,2.000605,0.383024,265.966689,37.859481
Spiral,House11,"1-2,3_fast",fast,5,1.077411,0.068934,154.888673,16.870354
Spiral,House11,"1-2,3_slow",slow,5,1.462916,0.264425,235.275939,18.063388
Spiral,House11,3-2_fast,fast,5,1.046023,0.090932,189.785570,30.447429
Spiral,House11,3-2_slow,slow,5,1.565381,0.296231,337.830076,38.049234
Spiral,House12,"4,6-1_fast",fast,5,1.559705,0.097248,178.748391,26.519186
Spiral,House12,"4,6-1_slow",slow,5,1.318692,0.206962,170.665541,21.138103
Spiral,House12,"6,7-1_fast",fast,5,0.969844,0.059775,126.380838,10.609826
Spiral,House12,"6,7-1_slow",slow,5,1.992641,0.317692,304.370391,37.110616
Spiral,House13,"1,3-6_fast",fast,5,2.362841,0.266114,165.262040,25.880042
Spiral,House13,"1,3-6_slow",slow,5,1.758114,0.344059,153.106826,10.304164
Spiral,House13,"2,3-4,6_fast",fast,5,1.115279,0.130817,115.477281,9.725876
Spiral,House13,"2,3-4,6_slow",slow,5,1.938745,0.369476,199.561111,18.974222
Spiral,House14,"1,2-4,5_fast",fast,5,1.914941,0.402908,124.079339,8.112601
Spiral,House14,"1,2-4,5_slow",slow,5,2.419332,0.406273,149.298206,15.252718
Spiral,House14,"3,4-2,6_fast",fast,5,2.152092,0.245164,115.615130,10.326019
Spiral,House14,"3,4-2,6_slow",slow,5,2.655817,0.354461,151.725247,15.023756
Spiral,House15,"1,2-3,4_fast",fast,5,1.935215,0.363867,124.691644,11.769676
Spiral,House15,"1,2-3,4_slow",slow,5,3.225207,0.391553,187.074888,15.019030
Spiral,House15,"3-1,2_fast",fast,5,1.792574,0.300556,102.485451,3.409636
Spiral,House15,"3-1,2_slow",slow,5,2.215706,0.370778,126.830497,8.413727
Spiral,House16,"1,2-4,5,6_fast",fast,5,1.407674,0.282048,119.133313,5.546931
Spiral,House16,"1,2-4,5,6_slow",slow,5,3.195632,0.298488,230.042902,26.233977
Spiral,House16,"3,4,5-2_fast",fast,5,1.798094,0.267354,117.130104,9.741754
Spiral,House16,"3,4,5-2_slow",slow,5,1.403828,0.107443,126.243087,10.019380
Spiral,House17,"3,6-1_fast",fast,5,1.548286,0.299781,170.217763,26.138035
Spiral,House17,"3,6-1_slow",slow,5,1.209967,0.110786,198.037741,30.324231
Spiral,House17,"4,6-1,2_fast",fast,5,1.096918,0.131493,152.652164,15.884690
Spiral,House17,"4,6-1,2_slow",slow,5,1.694409,0.237803,234.144100,17.457600
Spiral,House18,"1,2-4,5_fast",fast,5,0.969025,0.076864,196.119796,25.705608
Spiral,House18,"1,2-4,5_slow",slow,5,1.142962,0.088106,357.845648,42.058823
Spiral,House18,"5,3-1_fast",fast,5,1.078766,0.149583,280.052319,19.077644
Spiral,House18,"5,3-1_slow",slow,5,1.123631,0.099099,275.613038,37.784109
Spiral,House19,"2,4-1,5_fast",fast,5,0.960376,0.045064,341.238989,30.458036
Spiral,House19,"2,4-1,5_slow",slow,5,1.163448,0.144772,396.193959,30.533599
Spiral,House19,"4,5-1_fast",fast,5,0.844297,0.053551,178.122327,17.991453
Spiral,House19,"4,5-1_slow",slow,5,0.933789,0.023124,376.135449,45.086900
Spiral,House20,"2-1,4_fast",fast,5,0.862638,0.045693,209.521315,20.586280
Spiral,House20,"2-1,4_slow",slow,5,0.867241,0.044162,309.024367,48.909966
Spiral,House20,4-1_fast,fast,5,0.918791,0.028148,280.523876,25.093861
Spiral,House20,4-1_slow,slow,5,1.276580,0.136221,413.230483,44.297979
Spiral,House21,"1,2,5-9,10_fast",fast,5,0.988963,0.032657,208.871639,24.692627
Spiral,House21,"1,2,5-9,10_slow",slow,5,1.132964,0.134440,260.857817,28.177694
Spiral,House21,"6,8-1,2_fast",fast,5,0.981890,0.080160,212.103186,13.878489
Spiral,House21,"6,8-1,2_slow",slow,5,1.026359,0.096476,300.115805,44.430784
Spiral,House22,2-5_fast,fast,5,1.557581,0.155444,195.533348,25.525891
Spiral,House22,2-5_slow,slow,5,1.307127,0.160458,168.082373,27.405389
Spiral,House22,6-1_fast,fast,5,1.083023,0.115430,146.059400,18.412696
Spiral,House22,6-1_slow,slow,5,1.904914,0.384554,325.531040,42.495217
Spiral,House23,"13,14-5,6,10_fast",fast,5,2.256150,0.259012,153.412125,22.453341
Spiral,House23,"13,14-5,6,10_slow",slow,5,2.257155,0.448237,167.408915,19.635236
Spiral,House23,"15-6,10_fast",fast,5,1.184638,0.147787,109.476591,3.760651
Spiral,House23,"15-6,10_slow",slow,5,2.338493,0.479966,227.794704,22.533017
Spiral,House24,"2,4-1_fast",fast,5,2.052296,0.298999,121.442906,10.924402
Spiral,House24,"2,4-1_slow",slow,5,2.652196,0.279393,177.668651,24.670617
Spiral,House24,2-1_fast,fast,5,1.281652,0.139334,109.869175,5.937234
Spiral,House24,2-1_slow,slow,5,1.807041,0.368653,151.321649,14.202099
Spiral,House25,"2,7-3_fast",fast,5,1.459335,0.233378,134.692599,11.747200
Spiral,House25,"2,7-3_slow",slow,5,2.143563,0.430755,191.024698,14.026763
Spiral,House25,"3,4-1,7_fast",fast,5,1.645815,0.212995,115.714436,8.781662
Spiral,House25,"3,4-1,7_slow",slow,5,1.630297,0.290402,138.024525,12.465356
Spiral,House26,"4,5-1,3_fast",fast,5,1.434184,0.230549,147.586786,18.607009
Spiral,House26,"4,5-1,3_slow",slow,5,1.107870,0.092241,151.601675,20.716316
Spiral,House26,"5,6-3_fast",fast,5,1.221495,0.130574,168.654290,26.793730
Spiral,House26,"5,6-3_slow",slow,5,2.472727,0.404151,326.026901,14.149438
Spiral,House27,"3,4-9_fast",fast,5,1.000348,0.109535,176.609580,22.315829
Spiral,House27,"3,4-9_slow",slow,5,1.865203,0.257567,345.150496,25.903801
Spiral,House27,"7,8,9-1,2,3,4_fast",fast,5,1.367840,0.255501,189.602246,30.751133
Spiral,House27,"7,8,9-1,2,3,4_slow",slow,5,1.280289,0.187651,247.514887,28.286858
Spiral,House28,"5,7-2,3_fast",fast,5,1.143869,0.175491,173.023125,17.505133
Spiral,House28,"5,7-2,3_slow",slow,5,1.344529,0.147457,317.798957,46.140611
Spiral,House28,"8-1,3_fast",fast,5,0.966227,0.049111,181.797077,27.313692
Spiral,House28,"8-1,3_slow",slow,5,1.261928,0.147951,249.088929,16.337816
Spiral,House29,1-3_fast,fast,5,1.282547,0.230107,205.918544,24.169460
Spiral,House29,1-3_slow,slow,5,1.706482,0.117582,238.364805,30.015214
Spiral,House29,3-1_fast,fast,5,1.091326,0.151771,125.428111,8.904320
Spiral,House29,3-1_slow,slow,5,1.192353,0.158986,209.356221,29.268811
Spiral,House30,"1,8-5_fast",fast,5,1.929493,0.250696,161.372099,21.947086
Spiral,House30,"1,8-5_slow",slow,5,3.062572,0.265845,236.471081,24.771370
Spiral,House30,"7,8-3,4_fast",fast,5,1.329138,0.241092,111.360734,3.321739
Spiral,House30,"7,8-3,4_slow",slow,5,1.306025,0.193779,142.220525,23.009686
Surge-Cast,House01,"1,3-2,4_fast",fast,5,4.805778,0.683471,89.707738,9.339046
Surge-Cast,House01,"1,3-2,4_slow",slow,5,0.684418,0.053602,59.113846,0.590473
Surge-Cast,House01,"2,4-1_fast",fast,5,0.626540,0.031375,68.720216,1.679564
Surge-Cast,House01,"2,4-1_slow",slow,5,1.087021,0.200574,60.315646,1.342565
Surge-Cast,House02,"3,5-1_fast",fast,5,0.611754,0.019182,114.082392,11.260585
Surge-Cast,House02,"3,5-1_slow",slow,5,0.688049,0.057703,65.728291,2.164461
Surge-Cast,House02,"4,5-3_fast",fast,5,0.735064,0.034753,61.326615,1.426072
Surge-Cast,House02,"4,5-3_slow",slow,5,0.656101,0.032944,59.177677,0.991730
Surge-Cast,House03,"1-2,5_fast",fast,5,3.271087,0.212053,60.003004,1.281648
Surge-Cast,House03,"1-2,5_slow",slow,5,3.885492,0.215197,61.411423,1.150027
Surge-Cast,House03,5-3_fast,fast,5,0.638966,0.033653,211.431596,8.645626
Surge-Cast,House03,5-3_slow,slow,5,0.702647,0.053880,274.309633,48.451059
Surge-Cast,House04,"5,7-1,2_fast",fast,5,0.724572,0.041909,230.753917,28.144162
Surge-Cast,House04,"5,7-1,2_slow",slow,5,1.207251,0.168232,114.646973,10.841652
Surge-Cast,House04,"7-3,8_fast",fast,5,0.634185,0.024321,60.107724,1.331493
Surge-Cast,House04,"7-3,8_slow",slow,5,0.684629,0.052609,61.192425,0.841039
Surge-Cast,House05,"4,8-5_fast",fast,5,0.738288,0.046416,73.989240,5.403725
Surge-Cast,House05,"4,8-5_slow",slow,5,0.628458,0.040923,58.738426,0.495861
Surge-Cast,House05,"7-1,2_fast",fast,5,0.625850,0.040893,72.173163,3.607362
Surge-Cast,House05,"7-1,2_slow",slow,5,0.719620,0.049605,61.314004,0.830948
Surge-Cast,House06,"1,2-5_fast",fast,5,1.490697,0.208135,65.338226,2.068000
Surge-Cast,House06,"1,2-5_slow",slow,5,3.220766,0.252410,97.807593,4.490037
Surge-Cast,House06,"1-4,5_fast",fast,5,2.256987,0.402705,67.215447,2.369195
Surge-Cast,House06,"1-4,5_slow",slow,5,1.704701,0.186817,68.678013,3.718409
Surge-Cast,House07,"1,3-5_fast",fast,5,0.676922,0.050213,134.669884,14.203929
Surge-Cast,House07,"1,3-5_slow",slow,5,1.390675,0.174274,61.503302,1.156506
Surge-Cast,House07,6-1_fast,fast,5,0.677769,0.055221,75.786102,5.070044
Surge-Cast,House07,6-1_slow,slow,5,2.547895,0.329789,76.554714,5.046109
Surge-Cast,House08,"1,3-7_fast",fast,5,0.681479,0.040081,181.129172,11.516990
Surge-Cast,House08,"1,3-7_slow",slow,5,0.904571,0.048013,71.484659,2.887629
Surge-Cast,House08,"8,7-6_fast",fast,5,0.679841,0.056795,152.049039,11.058181
Surge-Cast,House08,"8,7-6_slow",slow,5,0.628524,0.028108,128.242568,18.523306
Surge-Cast,House09,"6-2,5_fast",fast,5,0.678821,0.048925,190.352548,8.930013
Surge-Cast,House09,"6-2,5_slow",slow,5,0.622377,0.031282,61.402206,1.402101
Surge-Cast,House09,"6-7,3_fast",fast,5,0.672010,0.051285,259.339886,40.381889
Surge-Cast,House09,"6-7,3_slow",slow,5,0.740992,0.020280,62.000170,1.344843
Surge-Cast,House10,"1-3,2_fast",fast,5,0.984215,0.119682,81.223969,3.012112
Surge-Cast,House10,"1-3,2_slow",slow,5,0.992945,0.129550,106.324890,13.449626
Surge-Cast,House10,"2,3-1_fast",fast,5,0.706004,0.039908,181.693805,10.688088
Surge-Cast,House10,"2,3-1_slow",slow,5,2.107266,0.243695,140.753498,16.496140
Surge-Cast,House11,"1-2,3_fast",fast,5,0.965495,0.092677,90.494882,6.581171
Surge-Cast,House11,"1-2,3_slow",slow,5,1.313217,0.149031,114.925271,15.700866
Surge-Cast,House11,3-2_fast,fast,5,0.935623,0.074010,84.786257,4.338218
Surge-Cast,House11,3-2_slow,slow,5,1.467325,0.333944,150.747991,12.472808
Surge-Cast,House12,"4,6-1_fast",fast,5,1.283302,0.174361,90.198025,8.479702
Surge-Cast,House12,"4,6-1_slow",slow,5,1.199874,0.236649,85.468904,9.242642
Surge-Cast,House12,"6,7-1_fast",fast,5,0.884886,0.050116,72.420104,3.158436
Surge-Cast,House12,"6,7-1_slow",slow,5,1.504288,0.321607,134.185905,15.372800
Surge-Cast,House13,"1,3-6_fast",fast,5,1.934920,0.307311,84.741934,5.277410
Surge-Cast,House13,"1,3-6_slow",slow,5,2.057400,0.302453,90.219807,11.064403
Surge-Cast,House13,"2,3-4,6_fast",fast,5,0.955529,0.062665,66.690656,2.295699
Surge-Cast,House13,"2,3-4,6_slow",slow,5,1.427817,0.354397,86.387831,4.237405
Surge-Cast,House14,"1,2-4,5_fast",fast,5,1.366761,0.112237,66.766351,2.788159
Surge-Cast,House14,"1,2-4,5_slow",slow,5,2.021306,0.346606,79.523396,3.860879
Surge-Cast,House14,"3,4-2,6_fast",fast,5,2.276415,0.273135,70.517225,3.561377
Surge-Cast,House14,"3,4-2,6_slow",slow,5,2.719841,0.427621,84.096110,7.149890
Surge-Cast,House15,"1,2-3,4_fast",fast,5,1.699088,0.234436,68.872064,3.642605
Surge-Cast,House15,"1,2-3,4_slow",slow,5,3.003463,0.333424,100.518517,4.542945
Surge-Cast,House15,"3-1,2_fast",fast,5,1.850954,0.286486,64.678323,1.112743
Surge-Cast,House15,"3-1,2_slow",slow,5,1.962801,0.348013,70.693914,3.673886
Surge-Cast,House16,"1,2-4,5,6_fast",fast,5,1.243614,0.149827,69.426544,3.977429
Surge-Cast,House16,"1,2-4,5,6_slow",slow,5,2.573033,0.238888,109.172620,7.153607
Surge-Cast,House16,"3,4,5-2_fast",fast,5,1.668008,0.242893,68.862060,3.474990
Surge-Cast,House16,"3,4,5-2_slow",slow,5,1.356076,0.331342,68.941534,2.644266
Surge-Cast,House17,"3,6-1_fast",fast,5,1.422365,0.294272,88.320085,7.382217
Surge-Cast,House17,"3,6-1_slow",slow,5,1.242685,0.218942,101.451279,9.463792
Surge-Cast,House17,"4,6-1,2_fast",fast,5,0.877022,0.065247,78.188917,6.706089
Surge-Cast,House17,"4,6-1,2_slow",slow,5,1.400418,0.203087,109.128270,8.196464
Surge-Cast,House18,"1,2-4,5_fast",fast,5,0.967544,0.093770,106.617256,12.786107
Surge-Cast,House18,"1,2-4,5_slow",slow,5,1.029198,0.150925,152.649886,8.822475
Surge-Cast,House18,"5,3-1_fast",fast,5,0.839976,0.038569,111.850782,12.284296
Surge-Cast,House18,"5,3-1_slow",slow,5,1.018378,0.053572,138.689265,15.914224
Surge-Cast,House19,"2,4-1,5_fast",fast,5,0.832774,0.046983,153.207632,12.916816
Surge-Cast,House19,"2,4-1,5_slow",slow,5,1.080896,0.079551,184.940798,12.403500
Surge-Cast,House19,"4,5-1_fast",fast,5,0.766448,0.053315,97.883920,7.241534
Surge-Cast,House19,"4,5-1_slow",slow,5,0.789625,0.029451,145.861024,15.483679
Surge-Cast,House20,"2-1,4_fast",fast,5,0.758245,0.039856,95.537056,10.090118
Surge-Cast,House20,"2-1,4_slow",slow,5,0.761885,0.044551,125.538400,10.242389
Surge-Cast,House20,4-1_fast,fast,5,0.814949,0.036071,133.090070,13.539628
Surge-Cast,House20,4-1_slow,slow,5,1.048046,0.098427,175.929216,12.156984
Surge-Cast,House21,"1,2,5-9,10_fast",fast,5,0.821315,0.042992,101.118058,6.349226
Surge-Cast,House21,"1,2,5-9,10_slow",slow,5,0.992659,0.109073,127.291079,17.684946
Surge-Cast,House21,"6,8-1,2_fast",fast,5,0.887059,0.077205,97.989366,7.128034
Surge-Cast,House21,"6,8-1,2_slow",slow,5,0.887818,0.056633,137.887537,17.892114
Surge-Cast,House22,2-5_fast,fast,5,1.242663,0.228066,90.427201,6.448448
Surge-Cast,House22,2-5_slow,slow,5,1.470552,0.277778,95.998316,12.329150
Surge-Cast,House22,6-1_fast,fast,5,1.126943,0.130440,82.084086,5.943323
Surge-Cast,House22,6-1_slow,slow,5,1.517186,0.328291,132.974387,12.228556
Surge-Cast,House23,"13,14-5,6,10_fast",fast,5,2.167313,0.344437,87.013749,3.288443
Surge-Cast,House23,"13,14-5,6,10_slow",slow,5,2.335145,0.371940,96.101733,10.735061
Surge-Cast,House23,"15-6,10_fast",fast,5,1.032702,0.157872,64.798987,1.333580
Surge-Cast,House23,"15-6,10_slow",slow,5,1.625968,0.254617,94.865221,11.176410
Surge-Cast,House24,"2,4-1_fast",fast,5,2.065752,0.237739,73.922830,3.392063
Surge-Cast,House24,"2,4-1_slow",slow,5,2.430553,0.444683,84.689289,7.433472
Surge-Cast,House24,2-1_fast,fast,5,0.992766,0.066804,63.813624,1.130665
Surge-Cast,House24,2-1_slow,slow,5,1.622328,0.351346,78.715002,4.194946
Surge-Cast,House25,"2,7-3_fast",fast,5,1.308726,0.199752,71.199761,4.100261
Surge-Cast,House25,"2,7-3_slow",slow,5,1.870957,0.249343,97.782483,10.126812
Surge-Cast,House25,"3,4-1,7_fast",fast,5,1.322085,0.209837,68.272370,2.248475
Surge-Cast,House25,"3,4-1,7_slow",slow,5,1.637678,0.370459,76.516425,3.714391
Surge-Cast,House26,"4,5-1,3_fast",fast,5,1.344094,0.144234,80.154222,7.187939
Surge-Cast,House26,"4,5-1,3_slow",slow,5,1.246940,0.291803,83.213243,4.432363
Surge-Cast,House26,"5,6-3_fast",fast,5,1.119529,0.130120,87.364995,10.941752
Surge-Cast,House26,"5,6-3_slow",slow,5,1.919664,0.384033,140.670445,11.853163
Surge-Cast,House27,"3,4-9_fast",fast,5,0.830734,0.031353,80.718073,7.489989
Surge-Cast,House27,"3,4-9_slow",slow,5,1.424054,0.184262,143.928466,15.669782
Surge-Cast,House27,"7,8,9-1,2,3,4_fast",fast,5,1.452871,0.234232,107.972464,9.530409
Surge-Cast,House27,"7,8,9-1,2,3,4_slow",slow,5,1.151866,0.216195,115.063650,6.029195
Surge-Cast,House28,"5,7-2,3_fast",fast,5,1.088396,0.096676,96.749415,12.727112
Surge-Cast,House28,"5,7-2,3_slow",slow,5,1.135289,0.197467,122.620758,5.293013
Surge-Cast,House28,"8-1,3_fast",fast,5,0.793537,0.038386,82.114240,9.665515
Surge-Cast,House28,"8-1,3_slow",slow,5,1.162174,0.160816,127.581753,10.328840
Surge-Cast,House29,1-3_fast,fast,5,1.107565,0.214681,94.398693,9.825278
Surge-Cast,House29,1-3_slow,slow,5,1.618242,0.164419,120.580573,12.015356
Surge-Cast,House29,3-1_fast,fast,5,0.923808,0.086917,70.650019,3.628971
Surge-Cast,House29,3-1_slow,slow,5,1.044910,0.117104,96.503102,8.774048
Surge-Cast,House30,"1,8-5_fast",fast,5,1.680679,0.358742,86.516802,8.670413
Surge-Cast,House30,"1,8-5_slow",slow,5,2.532818,0.301870,113.537694,9.697761
Surge-Cast,House30,"7,8-3,4_fast",fast,5,1.339260,0.207753,67.428565,3.697163
Surge-Cast,House30,"7,8-3,4_slow",slow,5,1.282685,0.181368,76.757606,3.419163
Surge-Spiral,House01,"1,3-2,4_fast",fast,5,5.893755,0.883099,67.339944,11.158200
Surge-Spiral,House01,"1,3-2,4_slow",slow,5,0.770242,0.024907,35.163706,1.084621
Surge-Spiral,House01,"2,4-1_fast",fast,5,0.777951,0.029378,54.765112,6.594392
Surge-Spiral,House01,"2,4-1_slow",slow,5,1.771224,0.285120,40.237070,0.711492
Surge-Spiral,House02,"3,5-1_fast",fast,5,0.828829,0.060401,160.935777,18.529999
Surge-Spiral,House02,"3,5-1_slow",slow,5,0.916512,0.042239,45.754819,2.042875
Surge-Spiral,House02,"4,5-3_fast",fast,5,0.857905,0.067366,35.830671,1.548503
Surge-Spiral,House02,"4,5-3_slow",slow,5,0.799399,0.045844,36.495181,1.452451
Surge-Spiral,House03,"1-2,5_fast",fast,5,3.861517,0.579079,36.006987,1.122220
Surge-Spiral,House03,"1-2,5_slow",slow,5,4.823077,0.283869,40.946376,2.046429
Surge-Spiral,House03,5-3_fast,fast,5,0.835211,0.044532,335.108996,64.175961
Surge-Spiral,House03,5-3_slow,slow,5,0.887770,0.043327,325.888788,44.148584
Surge-Spiral,House04,"5,7-1,2_fast",fast,5,0.863754,0.066121,278.100468,17.591238
Surge-Spiral,House04,"5,7-1,2_slow",slow,5,1.303278,0.167865,119.854332,16.554733
Surge-Spiral,House04,"7-3,8_fast",fast,5,0.826067,0.064662,38.585066,1.598679
Surge-Spiral,House04,"7-3,8_slow",slow,5,0.923071,0.025224,38.497283,1.952421
Surge-Spiral,House05,"4,8-5_fast",fast,5,0.804025,0.054224,48.750179,1.281614
Surge-Spiral,House05,"4,8-5_slow",slow,5,0.773610,0.033028,36.601549,2.113359
Surge-Spiral,House05,"7-1,2_fast",fast,5,0.863595,0.048997,61.874600,9.486951
Surge-Spiral,House05,"7-1,2_slow",slow,5,0.929491,0.039957,38.515353,1.690041
Surge-Spiral,House06,"1,2-5_fast",fast,5,2.574400,0.510168,51.058549,3.193885
Surge-Spiral,House06,"1,2-5_slow",slow,5,3.988948,0.282084,78.047643,18.157840
Surge-Spiral,House06,"1-4,5_fast",fast,5,2.152622,0.372964,43.833939,1.455641
Surge-Spiral,House06,"1-4,5_slow",slow,5,2.538643,0.569293,60.152463,8.283145
Surge-Spiral,House07,"1,3-5_fast",fast,5,0.905481,0.042065,150.903862,18.001718
Surge-Spiral,House07,"1,3-5_slow",slow,5,1.501021,0.215061,36.085036,1.677031
Surge-Spiral,House07,6-1_fast,fast,5,0.802875,0.042511,62.164105,6.453975
Surge-Spiral,House07,6-1_slow,slow,5,3.281821,0.593851,80.948869,16.297309
Surge-Spiral,House08,"1,3-7_fast",fast,5,0.879100,0.056722,231.639079,12.488831
Surge-Spiral,House08,"1,3-7_slow",slow,5,1.134499,0.097012,50.173392,5.419024
Surge-Spiral,House08,"8,7-6_fast",fast,5,0.795597,0.028328,179.132964,17.326956
Surge-Spiral,House08,"8,7-6_slow",slow,5,0.815028,0.069804,150.372294,12.912555
Surge-Spiral,House09,"6-2,5_fast",fast,5,0.760050,0.016495,243.682790,19.884924
Surge-Spiral,House09,"6-2,5_slow",slow,5,0.837309,0.060859,41.550432,1.237698
Surge-Spiral,House09,"6-7,3_fast",fast,5,0.922194,0.034357,365.903929,88.945641
Surge-Spiral,House09,"6-7,3_slow",slow,5,0.875206,0.063882,38.303952,1.803123
Surge-Spiral,House10,"1-3,2_fast",fast,5,1.189204,0.100712,81.632791,15.914810
Surge-Spiral,House10,"1-3,2_slow",slow,5,1.743069,0.327326,136.962978,8.441861
Surge-Spiral,House10,"2,3-1_fast",fast,5,0.927956,0.039390,240.389953,13.486060
Surge-Spiral,House10,"2,3-1_slow",slow,5,1.828923,0.294223,127.129572,18.271339
Surge-Spiral,House11,"1-2,3_fast",fast,5,1.218550,0.120882,68.965249,12.386433
Surge-Spiral,House11,"1-2,3_slow",slow,5,1.334939,0.257436,96.603734,13.784383
Surge-Spiral,House11,3-2_fast,fast,5,1.261714,0.078670,101.933409,19.267918
Surge-Spiral,House11,3-2_slow,slow,5,2.013621,0.286609,186.793040,17.379961
Surge-Spiral,House12,"4,6-1_fast",fast,5,1.457050,0.224601,65.365156,8.902683
Surge-Spiral,House12,"4,6-1_slow",slow,5,1.331851,0.188991,79.788078,13.998915
Surge-Spiral,House12,"6,7-1_fast",fast,5,1.128627,0.114590,68.795462,14.205254
Surge-Spiral,House12,"6,7-1_slow",slow,5,2.149718,0.338390,146.683954,12.850493
Surge-Spiral,House13,"1,3-6_fast",fast,5,2.544062,0.475143,67.123425,13.601324
Surge-Spiral,House13,"1,3-6_slow",slow,5,2.050511,0.400940,80.239571,10.323275
Surge-Spiral,House13,"2,3-4,6_fast",fast,5,1.239143,0.133120,48.952066,4.641288
Surge-Spiral,House13,"2,3-4,6_slow",slow,5,2.245624,0.167241,87.054351,12.535742
Surge-Spiral,House14,"1,2-4,5_fast",fast,5,2.096632,0.402399,54.405820,6.316767
Surge-Spiral,House14,"1,2-4,5_slow",slow,5,3.178638,0.326349,73.880982,13.665759
Surge-Spiral,House14,"3,4-2,6_fast",fast,5,2.479138,0.546561,47.754686,2.350210
Surge-Spiral,House14,"3,4-2,6_slow",slow,5,2.444538,0.439860,69.138119,14.797142
Surge-Spiral,House15,"1,2-3,4_fast",fast,5,2.861713,0.541614,59.447653,8.026381
Surge-Spiral,House15,"1,2-3,4_slow",slow,5,3.881963,0.235843,85.015379,16.598992
Surge-Spiral,House15,"3-1,2_fast",fast,5,1.721921,0.258170,40.865263,1.729921
Surge-Spiral,House15,"3-1,2_slow",slow,5,2.146070,0.368156,52.500055,3.703986
Surge-Spiral,House16,"1,2-4,5,6_fast",fast,5,1.758163,0.343414,55.391821,4.645439
Surge-Spiral,House16,"1,2-4,5,6_slow",slow,5,3.277339,0.259237,97.320365,18.479221
Surge-Spiral,House16,"3,4,5-2_fast",fast,5,1.593678,0.289210,44.253351,1.759002
Surge-Spiral,House16,"3,4,5-2_slow",slow,5,1.641067,0.200146,60.167916,11.202953
Surge-Spiral,House17,"3,6-1_fast",fast,5,1.586739,0.193969,78.567018,13.101244
Surge-Spiral,House17,"3,6-1_slow",slow,5,1.506271,0.255040,116.980579,10.891724
Surge-Spiral,House17,"4,6-1,2_fast",fast,5,1.238697,0.163355,63.968659,7.981080
Surge-Spiral,House17,"4,6-1,2_slow",slow,5,1.879687,0.258675,101.484951,19.465692
Surge-Spiral,House18,"1,2-4,5_fast",fast,5,1.054976,0.083910,101.144978,10.757995
Surge-Spiral,House18,"1,2-4,5_slow",slow,5,1.204847,0.140960,190.124922,31.902691
Surge-Spiral,House18,"5,3-1_fast",fast,5,1.225527,0.161747,134.823488,9.429336
Surge-Spiral,House18,"5,3-1_slow",slow,5,1.259485,0.160382,140.328439,20.786477
Surge-Spiral,House19,"2,4-1,5_fast",fast,5,1.192767,0.120788,192.108654,19.693870
Surge-Spiral,House19,"2,4-1,5_slow",slow,5,1.189302,0.181247,191.787230,31.897157
Surge-Spiral,House19,"4,5-1_fast",fast,5,0.848031,0.029666,85.065114,15.404115
Surge-Spiral,House19,"4,5-1_slow",slow,5,1.046212,0.098310,206.762303,21.609694
Surge-Spiral,House20,"2-1,4_fast",fast,5,0.890199,0.041226,92.478039,16.329520
Surge-Spiral,House20,"2-1,4_slow",slow,5,0.997050,0.033637,180.609924,25.903911
Surge-Spiral,House20,4-1_fast,fast,5,1.011262,0.044269,135.498869,10.809961
Surge-Spiral,House20,4-1_slow,slow,5,1.169246,0.155304,191.805003,24.257553
Surge-Spiral,House21,"1,2,5-9,10_fast",fast,5,1.047018,0.048487,86.851432,15.326954
Surge-Spiral,House21,"1,2,5-9,10_slow",slow,5,1.232841,0.208587,123.786048,13.024916
Surge-Spiral,House21,"6,8-1,2_fast",fast,5,1.068145,0.047655,119.185103,18.580407
Surge-Spiral,House21,"6,8-1,2_slow",slow,5,1.246757,0.202359,176.721027,16.672548
Surge-Spiral,House22,2-5_fast,fast,5,1.727936,0.214579,83.037551,12.430927
Surge-Spiral,House22,2-5_slow,slow,5,1.381572,0.233405,83.376082,9.920403
Surge-Spiral,House22,6-1_fast,fast,5,1.283519,0.126793,78.368916,16.851274
Surge-Spiral,House22,6-1_slow,slow,5,2.098612,0.264868,154.799038,18.765826
Surge-Spiral,House23,"13,14-5,6,10_fast",fast,5,2.735379,0.333541,71.941762,16.261964
Surge-Spiral,House23,"13,14-5,6,10_slow",slow,5,2.074045,0.418338,71.633389,6.557931
Surge-Spiral,House23,"15-6,10_fast",fast,5,1.177943,0.123844,46.956116,4.698338
Surge-Spiral,House23,"15-6,10_slow",slow,5,2.875294,0.510985,114.039366,9.426704
Surge-Spiral,House24,"2,4-1_fast",fast,5,2.025221,0.319449,47.585409,3.722669
Surge-Spiral,House24,"2,4-1_slow",slow,5,2.429842,0.460952,73.234922,10.303111
Surge-Spiral,House24,2-1_fast,fast,5,1.486719,0.227047,46.306987,3.462618
Surge-Spiral,House24,2-1_slow,slow,5,2.560575,0.260003,75.898708,13.899849
Surge-Spiral,House25,"2,7-3_fast",fast,5,1.921729,0.361874,73.506947,16.199495
Surge-Spiral,House25,"2,7-3_slow",slow,5,2.421006,0.350922,95.849270,12.907922
Surge-Spiral,House25,"3,4-1,7_fast",fast,5,1.498065,0.174258,44.514076,3.477218
Surge-Spiral,House25,"3,4-1,7_slow",slow,5,1.861552,0.250483,68.362905,6.854071
Surge-Spiral,House26,"4,5-1,3_fast",fast,5,1.565406,0.276373,59.679571,7.738625
Surge-Spiral,House26,"4,5-1,3_slow",slow,5,1.238243,0.098540,78.200181,15.029609
Surge-Spiral,House26,"5,6-3_fast",fast,5,1.576878,0.306305,94.121993,12.115148
Surge-Spiral,House26,"5,6-3_slow",slow,5,2.685810,0.340640,141.349129,20.302627
Surge-Spiral,House27,"3,4-9_fast",fast,5,1.081670,0.106531,81.497650,12.617238
Surge-Spiral,House27,"3,4-9_slow",slow,5,2.098653,0.280052,165.340667,20.559838
Surge-Spiral,House27,"7,8,9-1,2,3,4_fast",fast,5,1.422218,0.179269,96.974188,16.554962
Surge-Spiral,House27,"7,8,9-1,2,3,4_slow",slow,5,1.262236,0.149239,124.657418,14.690749
Surge-Spiral,House28,"5,7-2,3_fast",fast,5,1.103753,0.140790,68.673897,10.975938
Surge-Spiral,House28,"5,7-2,3_slow",slow,5,1.476500,0.114210,160.560819,25.770901
Surge-Spiral,House28,"8-1,3_fast",fast,5,1.153757,0.158452,91.764596,6.718104
Surge-Spiral,House28,"8-1,3_slow",slow,5,1.556103,0.184072,126.158824,19.569799
Surge-Spiral,House29,1-3_fast,fast,5,1.717799,0.281111,112.922770,6.848266
Surge-Spiral,House29,1-3_slow,slow,5,1.678283,0.280546,105.695203,14.718198
Surge-Spiral,House29,3-1_fast,fast,5,1.044183,0.068780,50.689155,4.475878
Surge-Spiral,House29,3-1_slow,slow,5,1.519858,0.239223,126.822832,17.624115
Surge-Spiral,House30,"1,8-5_fast",fast,5,2.350341,0.424772,78.328630,7.751794
Surge-Spiral,House30,"1,8-5_slow",slow,5,3.080448,0.549701,96.083961,18.662751
Surge-Spiral,House30,"7,8-3,4_fast",fast,5,1.515010,0.254029,48.386157,3.194876
Surge-Spiral,House30,"7,8-3,4_slow",slow,5,1.598285,0.186301,72.839380,14.754636
